{"cameraMode":{"drawMode":0,"name":"Shaded","section":"Shading Mode"},"sceneLighting":true,"audioPlay":false,"sceneViewState":{"showFog":true,"showMaterialUpdate":false,"showSkybox":true,"showFlares":true,"showImageEffects":true,"showParticleSystems":true},"in2DMode":false,"pivot":{"x":7.100433826446533,"y":-35.19908142089844,"z":8.229963302612305},"rotation":{"x":-0.3646639883518219,"y":-0.6310995221138,"z":0.4359528124332428,"w":-0.5279002785682678},"size":52.060546875,"orthographic":false}